run,package,bits,rows,n,k,median_ms
1,baseline,4,8,2048,4096,4.4367
1,baseline,2,8,4096,2048,4.7039
1,baseline,4,32,2048,4096,17.3700
1,baseline,2,32,4096,2048,18.2716
2,candidate,4,8,2048,4096,3.4395
2,candidate,2,8,4096,2048,3.6652
2,candidate,4,32,2048,4096,13.5655
2,candidate,2,32,4096,2048,14.3967
3,baseline,4,8,2048,4096,4.4116
3,baseline,2,8,4096,2048,4.6180
3,baseline,4,32,2048,4096,17.4392
3,baseline,2,32,4096,2048,18.1930
4,candidate,4,8,2048,4096,3.4327
4,candidate,2,8,4096,2048,3.6727
4,candidate,4,32,2048,4096,13.4830
4,candidate,2,32,4096,2048,14.3720
