Device_id,Name,Type,Accelerator Core,Start Time(us),Duration(us),Wait Time(us),Block Num
0,aclnnInplaceCopy_CastAiCpu_Cast,N/A,N/A,1790527477064680.565	,151.25,0,0
0,aclnnSort_SortAiCore_MemSet,N/A,N/A,1790527477065100.565	,1.615,268.75,8
0,aclnnSort_SortAiCore_Sort,N/A,N/A,1790527477065102.258	,3.75,0.078,1
0,aclnnSort_CastAiCore_Cast,N/A,N/A,1790527477065132.258	,4.922,26.25,1
0,aclnnArange_ArangeAiCore_Range,N/A,N/A,1790527477066751.268	,1.849,1614.088,8
0,aclnnInplaceScatter_ScatterElements_ScatterElements,N/A,N/A,1790527477067104.107	,175.573,350.99,8
0,aclnnArange_ArangeAiCore_Range,N/A,N/A,1790527477068208.612	,1.589,928.932,8
0,aclnnInplaceScatter_ScatterElements_ScatterElements,N/A,N/A,1790527477068535.877	,131.458,325.677,8
0,aclnnInplaceCopy_CastAiCore_Cast,N/A,N/A,1790527477068764.549	,4.818,97.214,1
0,aclnnArange_ArangeAiCore_Range,N/A,N/A,1790527477069726.502	,1.562,957.135,8
0,aclnnInplaceScatter_ScatterElements_ScatterElements,N/A,N/A,1790527477069891.997	,158.776,163.932,8
0,aclnnInplaceCopy_CastAiCpu_Cast,N/A,N/A,1790527477070223.586	,134.193,172.812,8
0,aclnnArange_ArangeAiCore_Range,N/A,N/A,1790527477071157.934	,2.005,800.156,8
0,aclnnInplaceIndexCopy_ScatterUpdateAiCPU_ScatterUpdate,N/A,N/A,1790527477071412.257	,123.594,252.318,8
0,aclnnInplaceCopy_CastAiCore_Cast,N/A,N/A,1790527477072501.190	,1.042,965.338,2
0,aclnnSoftmax_SoftmaxAiCore_SoftmaxV2,N/A,N/A,1790527477072558.273	,4.271,56.042,3
0,aclnnTopk_TopkV2AiCore_MemSet,N/A,N/A,1790527477072736.059	,1.797,173.516,8
0,aclnnTopk_TopkV2AiCore_TopKV2,N/A,N/A,1790527477072737.934	,10.677,0.078,3
0,aclnnTopk_CastAiCore_Cast,N/A,N/A,1790527477072765.044	,4.792,16.432,1
0,aclnnReduceSum_ReduceSumOpAiCore_MemSet,N/A,N/A,1790527477072954.080	,1.693,184.245,8
0,aclnnReduceSum_ReduceSumOpAiCore_ReduceSum,N/A,N/A,1790527477072975.565	,1.484,19.792,1
0,aclnnDiv_RealDivAiCore_RealDiv,N/A,N/A,1790527477073009.992	,2.318,32.943,1
0,aclnnMuls_MulAiCore_Mul,N/A,N/A,1790527477073257.440	,1.016,245.13,1
0,aclnnInplaceCopy_CastAiCore_Cast,N/A,N/A,1790527477074313.403	,1.094,1054.948,2
0,aclnnSoftmax_SoftmaxAiCore_SoftmaxV2,N/A,N/A,1790527477074351.294	,4.375,36.797,3
0,aclnnTopk_TopkV2AiCore_MemSet,N/A,N/A,1790527477074469.575	,1.693,113.906,8
0,aclnnTopk_TopkV2AiCore_TopKV2,N/A,N/A,1790527477074471.346	,10.599,0.078,3
0,aclnnTopk_CastAiCore_Cast,N/A,N/A,1790527477074541.658	,4.87,59.714,1
0,aclnnReduceSum_ReduceSumOpAiCore_MemSet,N/A,N/A,1790527477074775.486	,1.745,228.958,8
0,aclnnReduceSum_ReduceSumOpAiCore_ReduceSum,N/A,N/A,1790527477074777.283	,1.536,0.052,1
0,aclnnDiv_RealDivAiCore_RealDiv,N/A,N/A,1790527477074873.221	,2.63,94.401,1
0,aclnnInplaceCopy_CastAiCore_Cast,N/A,N/A,1790527477075894.757	,2.344,1018.906,1
0,aclnnArange_ArangeAiCore_Range,N/A,N/A,1790527477076161.606	,1.51,264.505,8
0,aclnnScatterNdUpdate_ScatterNdUpdateAiCore_ScatterNdUpdate,N/A,N/A,1790527477076244.366	,9.922,81.25,1
0,aclnnInplaceCopy_CastAiCpu_Cast,N/A,N/A,1790527477077020.304	,122.24,766.016,1
